muni_PK,codigo_muni,nombre_muni
0,05001,Medellín
1,05002,Abejorral
2,05004,Abriaquí
3,05021,Alejandría
4,05030,Amagá
5,05031,Amalfi
6,05034,Andes
7,05036,Ángelópolis
8,05038,Angostura
9,05040,Anorí
10,05042,Santafé de Antioquia
11,05044,Anzá
12,05045,Apartadó
13,05051,Arboletes
14,05055,Argelia
15,05059,Armenia
16,05079,Barbosa
17,05086,Belmira
18,05088,Bello
19,05091,Betania
20,05093,Betulia
21,05101,Ciudad Bolívar
22,05107,Briceño
23,05113,Buriticá
24,05120,Cáceres
25,05125,Caicedo
26,05129,Caldas
27,05134,Campamento
28,05138,Cañasgordas
29,05142,Caracolí
30,05145,Caramanta
31,05147,Carepa
32,05148,El Carmen de Viboral
33,05150,Carolina
34,05154,Caucasia
35,05172,Chigorodó
36,05190,Cisneros
37,05197,Cocorná
38,05206,Concepción
39,05209,Concordia
40,05212,Copacabana
41,05234,Dabeiba
42,05237,Don Matías
43,05240,Ebéjico
44,05250,El Bagre
45,05264,Entrerrios
46,05266,Envigado
47,05282,Fredonia
48,05284,Frontino
49,05306,Giraldo
50,05308,Girardota
51,05310,Gómez Plata
52,05313,Granada
53,05315,Guadalupe
54,05318,Guarne
55,05321,Guatapé
56,05347,Heliconia
57,05353,Hispania
58,05360,Itagüí
59,05361,Ituango
60,05364,Jardín
61,05368,Jericó
62,05376,La Ceja
63,05380,La Estrella
64,05390,La Pintada
65,05400,La Unión
66,05411,Liborina
67,05425,Maceo
68,05440,Marinilla
69,05467,Montebello
70,05475,Murindó
71,05480,Mutatá
72,05483,Nariño
73,05490,Necoclí
74,05495,Nechí
75,05501,Olaya
76,05541,Peñol
77,05543,Peque
78,05576,Pueblorrico
79,05579,Puerto Berrío
80,05585,Puerto Nare
81,05591,Puerto Triunfo
82,05604,Remedios
83,05607,Retiro
84,05615,Rionegro
85,05628,Sabanalarga
86,05631,Sabaneta
87,05642,Salgar
88,05647,San Andrés de Cuerquía
89,05649,San Carlos
90,05652,San Francisco
91,05656,San Jerónimo
92,05658,San José de La Montaña
93,05659,San Juan de Urabá
94,05660,San Luis
95,05664,San Pedro de Los Milagros
96,05665,San Pedro de Urabá
97,05667,San Rafael
98,05670,San Roque
99,05674,San Vicente
100,05679,Santa Bárbara
101,05686,Santa Rosa de Osos
102,05690,Santo Domingo
103,05697,El Santuario
104,05736,Segovia
105,05756,Sonsón
106,05761,Sopetrán
107,05789,Támesis
108,05790,Tarazá
109,05792,Tarso
110,05809,Titiribí
111,05819,Toledo
112,05837,Turbo
113,05842,Uramita
114,05847,Urrao
115,05854,Valdivia
116,05856,Valparaíso
117,05858,Vegachí
118,05861,Venecia
119,05873,Vigía del Fuerte
120,05885,Yalí
121,05887,Yarumal
122,05890,Yolombó
123,05893,Yondó
124,05895,Zaragoza
125,05999,Sin Información
126,08001,Barranquilla
127,08078,Baranoa
128,08137,Campo de La Cruz
129,08141,Candelaria
130,08296,Galapa
131,08372,Juan de Acosta
132,08421,Luruaco
133,08433,Malambo
134,08436,Manatí
135,08520,Palmar de Varela
136,08549,Piojó
137,08558,Polonuevo
138,08560,Ponedera
139,08573,Puerto Colombia
140,08606,Repelón
141,08634,Sabanagrande
142,08638,Sabanalarga
143,08675,Santa Lucía
144,08685,Santo Tomás
145,08758,Soledad
146,08770,Suan
147,08832,Tubará
148,08849,Usiacurí
149,08999,Sin Información
150,11001,Bogotá
151,13001,Cartagena
152,13006,Achí
153,13030,Altos del Rosario
154,13042,Arenal
155,13052,Arjona
156,13062,Arroyohondo
157,13074,Barranco de Loba
158,13140,Calamar
159,13160,Cantagallo
160,13188,Cicuco
161,13212,Córdoba
162,13222,Clemencia
163,13244,El Carmen de Bolívar
164,13248,El Guamo
165,13268,El Peñón
166,13300,Hatillo de Loba
167,13430,Magangué
168,13433,Mahates
169,13440,Margarita
170,13442,María La Baja
171,13458,Montecristo
172,13468,Mompós
173,13473,Morales
174,13490,Norosí
175,13549,Pinillos
176,13580,Regidor
177,13600,Río Viejo
178,13620,San Cristóbal
179,13647,San Estanislao
180,13650,San Fernando
181,13654,San Jacinto
182,13655,San Jacinto del Cauca
183,13657,San Juan Nepomuceno
184,13667,San Martín de Loba
185,13670,San Pablo
186,13673,Santa Catalina
187,13683,Santa Rosa
188,13688,Santa Rosa del Sur
189,13744,Simití
190,13760,Soplaviento
191,13780,Talaigua Nuevo
192,13810,Tiquisio
193,13836,Turbaco
194,13838,Turbaná
195,13873,Villanueva
196,13894,Zambrano
197,13999,Sin Información
198,15001,Tunja
199,15022,Almeida
200,15047,Aquitania
201,15051,Arcabuco
202,15087,Belén
203,15090,Berbeo
204,15092,Betéitiva
205,15097,Boavita
206,15104,Boyacá
207,15106,Briceño
208,15109,Buenavista
209,15114,Busbanzá
210,15131,Caldas
211,15135,Campohermoso
212,15162,Cerinza
213,15172,Chinavita
214,15176,Chiquinquirá
215,15180,Chiscas
216,15183,Chita
217,15185,Chitaraque
218,15187,Chivatá
219,15189,Ciénega
220,15204,Cómbita
221,15212,Coper
222,15215,Corrales
223,15218,Covarachía
224,15223,Cubará
225,15224,Cucaita
226,15226,Cuítiva
227,15232,Chíquiza
228,15236,Chivor
229,15238,Duitama
230,15244,El Cocuy
231,15248,El Espino
232,15272,Firavitoba
233,15276,Floresta
234,15293,Gachantivá
235,15296,Gámeza
236,15299,Garagoa
237,15317,Guacamayas
238,15322,Guateque
239,15325,Guayatá
240,15332,Güicán
241,15362,Iza
242,15367,Jenesano
243,15368,Jericó
244,15377,Labranzagrande
245,15380,La Capilla
246,15401,La Victoria
247,15403,La Uvita
248,15407,Villa de Leyva
249,15425,Macanal
250,15442,Maripí
251,15455,Miraflores
252,15464,Mongua
253,15466,Monguí
254,15469,Moniquirá
255,15476,Motavita
256,15480,Muzo
257,15491,Nobsa
258,15494,Nuevo Colón
259,15500,Oicatá
260,15507,Otanche
261,15511,Pachavita
262,15514,Páez
263,15516,Paipa
264,15518,Pajarito
265,15522,Panqueba
266,15531,Pauna
267,15533,Paya
268,15537,Paz de Río
269,15542,Pesca
270,15550,Pisba
271,15572,Puerto Boyacá
272,15580,Quípama
273,15599,Ramiriquí
274,15600,Ráquira
275,15621,Rondón
276,15632,Saboyá
277,15638,Sáchica
278,15646,Samacá
279,15660,San Eduardo
280,15664,San José de Pare
281,15667,San Luis de Gaceno
282,15673,San Mateo
283,15676,San Miguel de Sema
284,15681,San Pablo de Borbur
285,15686,Santana
286,15690,Santa María
287,15693,Santa Rosa de Viterbo
288,15696,Santa Sofía
289,15720,Sativanorte
290,15723,Sativasur
291,15740,Siachoque
292,15753,Soatá
293,15755,Socotá
294,15757,Socha
295,15759,Sogamoso
296,15761,Somondoco
297,15762,Sora
298,15763,Sotaquirá
299,15764,Soracá
300,15774,Susacón
301,15776,Sutamarchán
302,15778,Sutatenza
303,15790,Tasco
304,15798,Tenza
305,15804,Tibaná
306,15806,Tibasosa
307,15808,Tinjacá
308,15810,Tipacoque
309,15814,Toca
310,15816,Togüí
311,15820,Tópaga
312,15822,Tota
313,15832,Tununguá
314,15835,Turmequé
315,15837,Tuta
316,15839,Tutazá
317,15842,Umbita
318,15861,Ventaquemada
319,15879,Viracachá
320,15897,Zetaquira
321,15999,Sin Información
322,17001,Manizales
323,17013,Aguadas
324,17042,Anserma
325,17050,Aranzazu
326,17088,Belalcázar
327,17174,Chinchiná
328,17272,Filadelfia
329,17380,La Dorada
330,17388,La Merced
331,17433,Manzanares
332,17442,Marmato
333,17444,Marquetalia
334,17446,Marulanda
335,17486,Neira
336,17495,Norcasia
337,17513,Pácora
338,17524,Palestina
339,17541,Pensilvania
340,17614,Riosucio
341,17616,Risaralda
342,17653,Salamina
343,17662,Samaná
344,17665,San José
345,17777,Supía
346,17867,Victoria
347,17873,Villamaría
348,17877,Viterbo
349,17999,Sin Información
350,18001,Florencia
351,18029,Albania
352,18094,Belén de Los Andaquíes
353,18150,Cartagena del Chairá
354,18205,Curillo
355,18247,El Doncello
356,18256,El Paujil
357,18410,La Montañita
358,18460,Milán
359,18479,Morelia
360,18592,Puerto Rico
361,18610,San José del Fragua
362,18753,San Vicente del Caguán
363,18756,Solano
364,18785,Solita
365,18860,Valparaíso
366,18999,Sin Información
367,19001,Popayán
368,19022,Almaguer
369,19050,Argelia
370,19075,Balboa
371,19100,Bolívar
372,19110,Buenos Aires
373,19130,Cajibío
374,19137,Caldono
375,19142,Caloto
376,19212,Corinto
377,19256,El Tambo
378,19290,Florencia
379,19300,Guachené
380,19318,Guapi
381,19355,Inzá
382,19364,Jambaló
383,19392,La Sierra
384,19397,La Vega
385,19418,López
386,19450,Mercaderes
387,19455,Miranda
388,19473,Morales
389,19513,Padilla
390,19517,Paéz
391,19532,Patía
392,19533,Piamonte
393,19548,Piendamó
394,19573,Puerto Tejada
395,19585,Puracé
396,19622,Rosas
397,19693,San Sebastián
398,19698,Santander de Quilichao
399,19701,Santa Rosa
400,19743,Silvia
401,19760,Sotará
402,19780,Suárez
403,19785,Sucre
404,19807,Timbío
405,19809,Timbiquí
406,19821,Toribío
407,19824,Totoró
408,19845,Villa Rica
409,19999,Sin Información
410,20001,Valledupar
411,20011,Aguachica
412,20013,Agustín Codazzi
413,20032,Astrea
414,20045,Becerril
415,20060,Bosconia
416,20175,Chimichagua
417,20178,Chiriguaná
418,20228,Curumaní
419,20238,El Copey
420,20250,El Paso
421,20295,Gamarra
422,20310,González
423,20383,La Gloria
424,20400,La Jagua de Ibirico
425,20443,Manaure
426,20517,Pailitas
427,20550,Pelaya
428,20570,Pueblo Bello
429,20614,Río de Oro
430,20621,La Paz
431,20710,San Alberto
432,20750,San Diego
433,20770,San Martín
434,20787,Tamalameque
435,20999,Sin Información
436,23001,Montería
437,23068,Ayapel
438,23079,Buenavista
439,23090,Canalete
440,23162,Cereté
441,23168,Chimá
442,23182,Chinú
443,23189,Ciénaga de Oro
444,23300,Cotorra
445,23350,La Apartada
446,23417,Lorica
447,23419,Los Córdobas
448,23464,Momil
449,23466,Montelíbano
450,23500,Moñitos
451,23555,Planeta Rica
452,23570,Pueblo Nuevo
453,23574,Puerto Escondido
454,23580,Puerto Libertador
455,23586,Purísima
456,23660,Sahagún
457,23670,San Andrés Sotavento
458,23672,San Antero
459,23675,San Bernardo del Viento
460,23678,San Carlos
461,23682,San José de Ure
462,23686,San Pelayo
463,23807,Tierralta
464,23815,Tuchín
465,23855,Valencia
466,23999,Sin Información
467,25001,Agua de Dios
468,25019,Albán
469,25035,Anapoima
470,25040,Anolaima
471,25053,Arbeláez
472,25086,Beltrán
473,25095,Bituima
474,25099,Bojacá
475,25120,Cabrera
476,25123,Cachipay
477,25126,Cajicá
478,25148,Caparrapí
479,25151,Cáqueza
480,25154,Carmen de Carupa
481,25168,Chaguaní
482,25175,Chía
483,25178,Chipaque
484,25181,Choachí
485,25183,Chocontá
486,25200,Cogua
487,25214,Cota
488,25224,Cucunubá
489,25245,El Colegio
490,25258,El Peñón
491,25260,El Rosal
492,25269,Facatativá
493,25279,Fómeque
494,25281,Fosca
495,25286,Funza
496,25288,Fúquene
497,25290,Fusagasugá
498,25293,Gachalá
499,25295,Gachancipá
500,25297,Gachetá
501,25299,Gama
502,25307,Girardot
503,25312,Granada
504,25317,Guachetá
505,25320,Guaduas
506,25322,Guasca
507,25324,Guataquí
508,25326,Guatavita
509,25328,Guayabal de Síquima
510,25335,Guayabetal
511,25339,Gutiérrez
512,25368,Jerusalén
513,25372,Junín
514,25377,La Calera
515,25386,La Mesa
516,25394,La Palma
517,25398,La Peña
518,25402,La Vega
519,25407,Lenguazaque
520,25426,Machetá
521,25430,Madrid
522,25436,Manta
523,25438,Medina
524,25473,Mosquera
525,25483,Nariño
526,25486,Nemocón
527,25488,Nilo
528,25489,Nimaima
529,25491,Nocaima
530,25506,Venecia
531,25513,Pacho
532,25518,Paime
533,25524,Pandi
534,25530,Paratebueno
535,25535,Pasca
536,25572,Puerto Salgar
537,25580,Pulí
538,25592,Quebradanegra
539,25594,Quetame
540,25596,Quipile
541,25599,Apulo
542,25612,Ricaurte
543,25645,San Antonio del Tequendama
544,25649,San Bernardo
545,25653,San Cayetano
546,25658,San Francisco
547,25662,San Juan de Río Seco
548,25718,Sasaima
549,25736,Sesquilé
550,25740,Sibaté
551,25743,Silvania
552,25745,Simijaca
553,25754,Soacha
554,25758,Sopó
555,25769,Subachoque
556,25772,Suesca
557,25777,Supatá
558,25779,Susa
559,25781,Sutatausa
560,25785,Tabio
561,25793,Tausa
562,25797,Tena
563,25799,Tenjo
564,25805,Tibacuy
565,25807,Tibirita
566,25815,Tocaima
567,25817,Tocancipá
568,25823,Topaipí
569,25839,Ubalá
570,25841,Ubaque
571,25843,Villa de San Diego de Ubate
572,25845,Une
573,25851,Útica
574,25862,Vergara
575,25867,Vianí
576,25871,Villagómez
577,25873,Villapinzón
578,25875,Villeta
579,25878,Viotá
580,25885,Yacopí
581,25898,Zipacón
582,25899,Zipaquirá
583,25999,Sin Información
584,27001,Quibdó
585,27006,Acandí
586,27025,Alto Baudó
587,27050,Atrato
588,27073,Bagadó
589,27075,Bahía Solano
590,27077,Bajo Baudó
591,27099,Bojayá
592,27135,El Cantón del San Pablo
593,27150,Carmen del Darién
594,27160,Cértegui
595,27205,Condoto
596,27245,El Carmen de Atrato
597,27250,El Litoral del San Juan
598,27361,Istmina
599,27372,Juradó
600,27413,Lloró
601,27425,Medio Atrato
602,27430,Medio Baudó
603,27450,Medio San Juan
604,27491,Nóvita
605,27495,Nuquí
606,27580,Río Iró
607,27600,Río Quito
608,27615,Riosucio
609,27660,San José del Palmar
610,27745,Sipí
611,27787,Tadó
612,27800,Unguía
613,27810,Unión Panamericana
614,27999,Sin Información
615,41001,Neiva
616,41006,Acevedo
617,41013,Agrado
618,41016,Aipe
619,41020,Algeciras
620,41026,Altamira
621,41078,Baraya
622,41132,Campoalegre
623,41206,Colombia
624,41244,Elías
625,41298,Garzón
626,41306,Gigante
627,41319,Guadalupe
628,41349,Hobo
629,41357,Iquira
630,41359,Isnos
631,41378,La Argentina
632,41396,La Plata
633,41483,Nátaga
634,41503,Oporapa
635,41518,Paicol
636,41524,Palermo
637,41530,Palestina
638,41548,Pital
639,41551,Pitalito
640,41615,Rivera
641,41660,Saladoblanco
642,41668,San Agustín
643,41676,Santa María
644,41770,Suaza
645,41791,Tarqui
646,41797,Tesalia
647,41799,Tello
648,41801,Teruel
649,41807,Timaná
650,41872,Villavieja
651,41885,Yaguará
652,41999,Sin Información
653,44001,Riohacha
654,44035,Albania
655,44078,Barrancas
656,44090,Dibulla
657,44098,Distracción
658,44110,El Molino
659,44279,Fonseca
660,44378,Hatonuevo
661,44420,La Jagua del Pilar
662,44430,Maicao
663,44560,Manaure
664,44650,San Juan del Cesar
665,44847,Uribia
666,44855,Urumita
667,44874,Villanueva
668,44999,Sin Información
669,47001,Santa Marta
670,47030,Algarrobo
671,47053,Aracataca
672,47058,Ariguaní
673,47161,Cerro San Antonio
674,47170,Chibolo
675,47189,Ciénaga
676,47205,Concordia
677,47245,El Banco
678,47258,El Piñón
679,47268,El Retén
680,47288,Fundación
681,47318,Guamal
682,47460,Nueva Granada
683,47541,Pedraza
684,47545,Pijiño del Carmen
685,47551,Pivijay
686,47555,Plato
687,47570,Puebloviejo
688,47605,Remolino
689,47660,Sabanas de San Ángel
690,47675,Salamina
691,47692,San Sebastián de Buenavista
692,47703,San Zenón
693,47707,Santa Ana
694,47720,Santa Bárbara de Pinto
695,47745,Sitionuevo
696,47798,Tenerife
697,47960,Zapayán
698,47980,Zona Bananera
699,47999,Sin Información
700,50001,Villavicencio
701,50006,Acacías
702,50110,Barranca de Upía
703,50124,Cabuyaro
704,50150,Castilla La Nueva
705,50223,Cubarral
706,50226,Cumaral
707,50245,El Calvario
708,50251,El Castillo
709,50270,El Dorado
710,50287,Fuente de Oro
711,50313,Granada
712,50318,Guamal
713,50325,Mapiripán
714,50330,Mesetas
715,50350,La Macarena
716,50370,Uribe
717,50400,Lejanías
718,50450,Puerto Concordia
719,50568,Puerto Gaitán
720,50573,Puerto López
721,50577,Puerto Lleras
722,50590,Puerto Rico
723,50606,Restrepo
724,50680,San Carlos de Guaroa
725,50683,San Juan de Arama
726,50686,San Juanito
727,50689,San Martín
728,50711,Vistahermosa
729,50999,Sin Información
730,52001,Pasto
731,52019,Albán
732,52022,Aldana
733,52036,Ancuyá
734,52051,Arboleda
735,52079,Barbacoas
736,52083,Belén
737,52110,Buesaco
738,52203,Colón
739,52207,Consacá
740,52210,Contadero
741,52215,Córdoba
742,52224,Cuaspud
743,52227,Cumbal
744,52233,Cumbitara
745,52240,Chachagüí
746,52250,El Charco
747,52254,El Peñol
748,52256,El Rosario
749,52258,El Tablón de Gómez
750,52260,El Tambo
751,52287,Funes
752,52317,Guachucal
753,52320,Guaitarilla
754,52323,Gualmatán
755,52352,Iles
756,52354,Imués
757,52356,Ipiales
758,52378,La Cruz
759,52381,La Florida
760,52385,La Llanada
761,52390,La Tola
762,52399,La Unión
763,52405,Leiva
764,52411,Linares
765,52418,Los Andes
766,52427,Magüi
767,52435,Mallama
768,52473,Mosquera
769,52480,Nariño
770,52490,Olaya Herrera
771,52506,Ospina
772,52520,Francisco Pizarro
773,52540,Policarpa
774,52560,Potosí
775,52565,Providencia
776,52573,Puerres
777,52585,Pupiales
778,52612,Ricaurte
779,52621,Roberto Payán
780,52678,Samaniego
781,52683,Sandoná
782,52685,San Bernardo
783,52687,San Lorenzo
784,52693,San Pablo
785,52694,San Pedro de Cartago
786,52696,Santa Bárbara
787,52699,Santacruz
788,52720,Sapuyes
789,52786,Taminango
790,52788,Tangua
791,52835,San Andrés de Tumaco
792,52838,Túquerres
793,52885,Yacuanquer
794,52999,Sin Información
795,54001,Cúcuta
796,54003,Ábrego
797,54051,Arboledas
798,54099,Bochalema
799,54109,Bucarasica
800,54125,Cácota
801,54128,Cachirá
802,54172,Chinácota
803,54174,Chitagá
804,54206,Convención
805,54223,Cucutilla
806,54239,Durania
807,54245,El Carmen
808,54250,El Tarra
809,54261,El Zulia
810,54313,Gramalote
811,54344,Hacarí
812,54347,Herrán
813,54377,Labateca
814,54385,La Esperanza
815,54398,La Playa
816,54405,Los Patios
817,54418,Lourdes
818,54480,Mutiscua
819,54498,Ocaña
820,54518,Pamplona
821,54520,Pamplonita
822,54553,Puerto Santander
823,54599,Ragonvalia
824,54660,Salazar
825,54670,San Calixto
826,54673,San Cayetano
827,54680,Santiago
828,54720,Sardinata
829,54743,Silos
830,54800,Teorama
831,54810,Tibú
832,54820,Toledo
833,54871,Villa Caro
834,54874,Villa del Rosario
835,54999,Sin Información
836,63001,Armenia
837,63111,Buenavista
838,63130,Calarcá
839,63190,Circasia
840,63212,Córdoba
841,63272,Filandia
842,63302,Génova
843,63401,La Tebaida
844,63470,Montenegro
845,63548,Pijao
846,63594,Quimbaya
847,63690,Salento
848,63999,Sin Información
849,66001,Pereira
850,66045,Apía
851,66075,Balboa
852,66088,Belén de Umbría
853,66170,Dosquebradas
854,66318,Guática
855,66383,La Celia
856,66400,La Virginia
857,66440,Marsella
858,66456,Mistrató
859,66572,Pueblo Rico
860,66594,Quinchía
861,66682,Santa Rosa de Cabal
862,66687,Santuario
863,66999,Sin Información
864,68001,Bucaramanga
865,68013,Aguada
866,68020,Albania
867,68051,Aratoca
868,68077,Barbosa
869,68079,Barichara
870,68081,Barrancabermeja
871,68092,Betulia
872,68101,Bolívar
873,68121,Cabrera
874,68132,California
875,68147,Capitanejo
876,68152,Carcasí
877,68160,Cepitá
878,68162,Cerrito
879,68167,Charalá
880,68169,Charta
881,68176,Chima
882,68179,Chipatá
883,68190,Cimitarra
884,68207,Concepción
885,68209,Confines
886,68211,Contratación
887,68217,Coromoro
888,68229,Curití
889,68235,El Carmen de Chucurí
890,68245,El Guacamayo
891,68250,El Peñón
892,68255,El Playón
893,68264,Encino
894,68266,Enciso
895,68271,Florián
896,68276,Floridablanca
897,68296,Galán
898,68298,Gámbita
899,68307,Girón
900,68318,Guaca
901,68320,Guadalupe
902,68322,Guapotá
903,68324,Guavatá
904,68327,Güepsa
905,68344,Hato
906,68368,Jesús María
907,68370,Jordán
908,68377,La Belleza
909,68385,Landázuri
910,68397,La Paz
911,68406,Lebrija
912,68418,Los Santos
913,68425,Macaravita
914,68432,Málaga
915,68444,Matanza
916,68464,Mogotes
917,68468,Molagavita
918,68498,Ocamonte
919,68500,Oiba
920,68502,Onzaga
921,68522,Palmar
922,68524,Palmas del Socorro
923,68533,Páramo
924,68547,Piedecuesta
925,68549,Pinchote
926,68572,Puente Nacional
927,68573,Puerto Parra
928,68575,Puerto Wilches
929,68615,Rionegro
930,68655,Sabana de Torres
931,68669,San Andrés
932,68673,San Benito
933,68679,San Gil
934,68682,San Joaquín
935,68684,San José de Miranda
936,68686,San Miguel
937,68689,San Vicente de Chucurí
938,68705,Santa Bárbara
939,68720,Santa Helena del Opón
940,68745,Simacota
941,68755,Socorro
942,68770,Suaita
943,68773,Sucre
944,68780,Suratá
945,68820,Tona
946,68855,Valle de San José
947,68861,Vélez
948,68867,Vetas
949,68872,Villanueva
950,68895,Zapatoca
951,68999,Sin Información
952,70001,Sincelejo
953,70110,Buenavista
954,70124,Caimito
955,70204,Colosó
956,70215,Corozal
957,70221,Coveñas
958,70230,Chalán
959,70233,El Roble
960,70235,Galeras
961,70265,Guaranda
962,70400,La Unión
963,70418,Los Palmitos
964,70429,Majagual
965,70473,Morroa
966,70508,Ovejas
967,70523,Palmito
968,70670,Sampués
969,70678,San Benito Abad
970,70702,San Juan de Betulia
971,70708,San Marcos
972,70713,San Onofre
973,70717,San Pedro
974,70742,San Luis de Sincé
975,70771,Sucre
976,70820,Santiago de Tolú
977,70823,Tolú Viejo
978,70999,Sin Información
979,73001,Ibagué
980,73024,Alpujarra
981,73026,Alvarado
982,73030,Ambalema
983,73043,Anzoátegui
984,73055,Armero
985,73067,Ataco
986,73124,Cajamarca
987,73148,Carmen de Apicalá
988,73152,Casabianca
989,73168,Chaparral
990,73200,Coello
991,73217,Coyaima
992,73226,Cunday
993,73236,Dolores
994,73268,Espinal
995,73270,Falan
996,73275,Flandes
997,73283,Fresno
998,73319,Guamo
999,73347,Herveo
1000,73349,Honda
1001,73352,Icononzo
1002,73408,Lérida
1003,73411,Líbano
1004,73443,San Sebastián de Mariquita
1005,73449,Melgar
1006,73461,Murillo
1007,73483,Natagaima
1008,73504,Ortega
1009,73520,Palocabildo
1010,73547,Piedras
1011,73555,Planadas
1012,73563,Prado
1013,73585,Purificación
1014,73616,Rioblanco
1015,73622,Roncesvalles
1016,73624,Rovira
1017,73671,Saldaña
1018,73675,San Antonio
1019,73678,San Luis
1020,73686,Santa Isabel
1021,73770,Suárez
1022,73854,Valle de San Juan
1023,73861,Venadillo
1024,73870,Villahermosa
1025,73873,Villarrica
1026,73999,Sin Información
1027,76001,Cali
1028,76020,Alcalá
1029,76036,Andalucía
1030,76041,Ansermanuevo
1031,76054,Argelia
1032,76100,Bolívar
1033,76109,Buenaventura
1034,76111,Guadalajara de Buga
1035,76113,Bugalagrande
1036,76122,Caicedonia
1037,76126,Calima
1038,76130,Candelaria
1039,76147,Cartago
1040,76233,Dagua
1041,76243,El Águila
1042,76246,El Cairo
1043,76248,El Cerrito
1044,76250,El Dovio
1045,76275,Florida
1046,76306,Ginebra
1047,76318,Guacarí
1048,76364,Jamundí
1049,76377,La Cumbre
1050,76400,La Unión
1051,76403,La Victoria
1052,76497,Obando
1053,76520,Palmira
1054,76563,Pradera
1055,76606,Restrepo
1056,76616,Riofrío
1057,76622,Roldanillo
1058,76670,San Pedro
1059,76736,Sevilla
1060,76823,Toro
1061,76828,Trujillo
1062,76834,Tuluá
1063,76845,Ulloa
1064,76863,Versalles
1065,76869,Vijes
1066,76890,Yotoco
1067,76892,Yumbo
1068,76895,Zarzal
1069,76999,Sin Información
1070,81001,Arauca
1071,81065,Arauquita
1072,81220,Cravo Norte
1073,81300,Fortul
1074,81591,Puerto Rondón
1075,81736,Saravena
1076,81794,Tame
1077,81999,Sin Información
1078,85001,Yopal
1079,85010,Aguazul
1080,85015,Chámeza
1081,85125,Hato Corozal
1082,85136,La Salina
1083,85139,Maní
1084,85162,Monterrey
1085,85225,Nunchía
1086,85230,Orocué
1087,85250,Paz de Ariporo
1088,85263,Pore
1089,85279,Recetor
1090,85300,Sabanalarga
1091,85315,Sácama
1092,85325,San Luis de Palenque
1093,85400,Támara
1094,85410,Tauramena
1095,85430,Trinidad
1096,85440,Villanueva
1097,85999,Sin Información
1098,86001,Mocoa
1099,86219,Colón
1100,86320,Orito
1101,86568,Puerto Asís
1102,86569,Puerto Caicedo
1103,86571,Puerto Guzmán
1104,86573,Puerto Leguízamo
1105,86749,Sibundoy
1106,86755,San Francisco
1107,86757,San Miguel
1108,86760,Santiago
1109,86865,Valle del Guamuez
1110,86885,Villagarzón
1111,86999,Sin Información
1112,88001,San Andrés
1113,88564,Providencia
1114,88999,Sin Información
1115,91001,Leticia
1116,91263,El Encanto
1117,91405,La Chorrera
1118,91407,La Pedrera
1119,91460,Mirití - Paraná
1120,91530,Puerto Alegría
1121,91536,Puerto Arica
1122,91540,Puerto Nariño
1123,91669,Puerto Santander
1124,91798,Tarapacá
1125,91999,Sin Información
1126,94001,Inírida
1127,94343,Barranco Minas
1128,94884,Puerto Colombia
1129,94886,Cacahual
1130,94888,Morichal
1131,94999,Sin Información
1132,95001,San José del Guaviare
1133,95015,Calamar
1134,95025,El Retorno
1135,95200,Miraflores
1136,95999,Sin Información
1137,97001,Mitú
1138,97161,Carurú
1139,97511,Pacoa
1140,97666,Taraira
1141,97777,Papunaua
1142,97889,Yavaraté
1143,97999,Sin Información
1144,99001,Puerto Carreño
1145,99524,La Primavera
1146,99624,Santa Rosalía
1147,99773,Cumaribo
1148,99999,Sin Información
1149,75024,Angola
1150,75032,Argentina
1151,75076,Brasil
1152,75218,Ecuador
1153,75232,Eritrea
1154,75239,Georgia del Sur E Islas Sandwich d
1155,75249,Francia Metropolitana
1156,75250,Francia
1157,75275,Territorio Ocupado de Palestina
1158,75276,Alemania
1159,75332,Haití
1160,75340,Honduras
1161,75422,Libano
1162,75484,México
1163,75528,Holanda (Paises Bajos)
1164,75530,Antillas Neerlandesas
1165,75533,Aruba
1166,75580,Islas Marianas del Norte
1167,75591,Panamá
1168,75604,Perú
1169,75608,Filipinas
1170,75643,Federación de Rusia
1171,75724,España
1172,75740,Suriname
1173,75756,Suiza
1174,75780,Trinidad Y Tobago
1175,75804,Ucrania
1176,75840,Estados Unidos de América
1177,75850,Islas Vírgenes de Los Estados Unid
1178,75862,Venezuela
1179,75998,Resto de Paises
1180,75999,Sin Información
1181,91430,La Victoria
1182,94883,San Felipe
1183,75004,República Islámica de Afganistán
1184,75068,Bolivia
1185,75124,Canadá
1186,75156,China
1187,75180,Congo
1188,75192,Cuba
1189,75222,El Salvador
1190,75392,Japón
1191,75558,Nicaragua
1192,75630,Puerto Rico
1193,75818,Egipto
1194,75826,Reino Unido de Gran Bretaña E Irla
1195,75858,Uruguay
1196,94663,Mapiripana
1197,75008,Albania
1198,75040,Austria
1199,75100,Bulgaria
1200,75152,Chile
1201,75174,Union de Las Comoras
1202,75188,Costa Rica
1203,75214,República Dominicana
1204,75380,Italia
1205,75600,Paraguay
1206,94887,Pana Pana
1207,75056,Bélgica
1208,75208,Dinamarca
1209,75328,Guyana
1210,75356,República de La India
1211,75372,Irlanda
1212,75388,Jamaica
1213,75620,Portugal
1214,75662,Santa Lucía
1215,75674,San Marino
1216,75238,Islas Malvinas (Falkland)
1217,75364,República Islámica de Irán
1218,75554,Nueva Zelanda
1219,75052,Barbados
1220,75376,Israel
1221,75384,Costa de Marfil
1222,75428,Letonia
1223,75659,San Kitts Y Nevis
1224,75752,Suecia
1225,75796,Islas Turcas Y Caicos
1226,75028,Antigua Y Barbuda
1227,75036,Australia
1228,75258,Polinesia Francesa
1229,75308,Granada
1230,75348,Hungría
1231,75360,Indonesia
1232,75642,Rumania
1233,75678,República Democrática de Santo Tom
1234,75120,Camerún
1235,75254,Guayana Francesa
